Kabupaten / Kota,,,,,
,Jumlah Kendaraan Bermotor Menurut Kabupaten/Kota dan Jenis Kendaraan di Provinsi Jawa Tengah (Unit),,,,
,Mobil Penumpang,Bus,Truk,Sepeda Motor,Jumlah
,2020,2020,2020,2020,2020
3300 PROVINSI JAWA TENGAH,1309343,37785,580411,16214173,18141696
3301 Kabupaten Cilacap,44767,793,20762,752008,818330
3302 Kabupaten Banyumas,60915,1721,25160,693638,781434
3303 Kabupaten Purbalingga,23347,397,12106,361588,397438
3304 Kabupaten Banjarnegara,20088,648,13587,320372,354695
3305 Kabupaten Kebumen,25038,1224,14191,494111,534564
3306 Kabupaten Purworejo,21659,776,8573,297285,328293
3307 Kabupaten Wonosobo,20135,983,14224,265486,300828
3308 Kabupaten Magelang,43327,1010,17643,454980,516960
3309 Kabupaten Boyolali,38230,1719,17217,469412,526578
3310 Kabupaten Klaten,55235,1278,22415,710411,789339
3311 Kabupaten Sukoharjo,52543,683,12856,526087,592169
3312 Kabupaten Wonogiri,36156,1982,14780,377099,430017
3313 Kabupaten Karanganyar,51584,1567,16947,466935,537033
3314 Kabupaten Sragen,39874,1055,19039,524354,584322
3315 Kabupaten Grobogan,25710,1363,14814,570575,612462
3316 Kabupaten Blora,19151,676,10307,369753,399887
3317 Kabupaten Rembang,13301,1086,8997,257103,280487
3318 Kabupaten Pati,45035,1322,25568,614722,686647
3319 Kabupaten Kudus,35942,1225,18731,480262,536160
3320 Kabupaten Jepara,34586,1263,23700,597237,656786
3321 Kabupaten Demak,25018,1045,15857,522943,564863
3322 Kabupaten Semarang,43204,1872,19531,474110,538717
3323 Kabupaten Temanggung,27065,906,15839,255366,299176
3324 Kabupaten Kendal,26207,888,13141,480569,520805
3325 Kabupaten Batang,18082,521,11257,319972,349832
3326 Kabupaten Pekalongan,21303,416,7724,386291,415734
3327 Kabupaten Pemalang,25436,782,12058,521992,560268
3328 Kabupaten Tegal,28295,451,14812,589296,632854
3329 Kabupaten Brebes,18706,665,9989,383749,413109
3371 Kota Magelang,19151,676,10307,369753,399887
3372 Kota Surakarta,71120,1802,23457,465626,562005
3373 Kota Salatiga,19701,471,5733,120507,146412
3374 Kota Semarang,231164,3059,76570,1382434,1693227
3375 Kota Pekalongan,15436,614,6534,175182,197766
3376 Kota Tegal,12832,846,5985,162965,182612
3401 Kabupaten Brebes Sektor 1,18503,612,9908,370986,400009
3402 Kabupaten Kendal Sektor 1,24548,853,13206,474028,512635
3403 Kabupaten Blora Sektor 1,18701,741,10238,396371,426051
3404 Kabupaten Sragen Sektor 1,41343,1042,17600,523848,583833
3405 Kabupaten Brebes Sektor 2,20183,678,10832,352166,383859
3406 Kabupaten Blora Sektor 2,20933,690,9845,354687,386155
3407 Kabupaten Magelang Sektor 1,45311,1065,16140,442101,504617
3408 Kabupaten Temanggung Sektor 1,25846,917,15468,279458,321689
3409 Kabupaten Pemalang Sektor 1,23441,709,12387,502611,539148
3410 Kabupaten Brebes Sektor 3,17439,722,10605,393988,422754
3411 Kota  Sektor 1,18601,731,9837,380675,409844
3412 Kabupaten Grobogan Sektor 1,25216,1244,14085,541690,582235
3413 Kabupaten Banyumas Sektor 1,65889,1631,23373,692175,783068
3414 Kabupaten Rembang Sektor 1,13656,1094,8260,274344,297354
3415 Kabupaten Kudus Sektor 1,33039,1333,18347,481967,534686
3416 Kabupaten Blora Sektor 3,18162,621,11126,399364,429273
3417 Kabupaten Purbalingga Sektor 1,24986,432,12797,373809,412024
3418 Kabupaten Pati Sektor 1,46404,1249,26653,582418,656724
3419 Kabupaten Rembang Sektor 2,13664,1032,9159,281728,305583
3420 Kota Salatiga Sektor 1,241449,2925,69285,1422655,1736314
3421 Kota Pekalongan Sektor 1,12967,858,6560,149124,169509
3422 Kabupaten Batang Sektor 1,16528,491,11642,310926,339587
3423 Kabupaten Boyolali Sektor 1,40595,1826,18481,508208,569110
3424 Kabupaten Banyumas Sektor 2,56712,1887,26866,743636,829101
3425 Kota Salatiga Sektor 2,229188,3268,71890,1357925,1662271
3426 Kota  Sektor 2,20086,642,9656,338758,369142
3427 Kabupaten Cilacap Sektor 1,45767,780,19714,730346,796607
3428 Kota Magelang Sektor 2,71680,1868,24001,506963,604512
3429 Kabupaten Kendal Sektor 2,27838,945,13472,511366,553621
3430 Kabupaten Banyumas Sektor 3,62812,1682,26074,671528,762096
3431 Kabupaten Sukoharjo Sektor 1,50252,639,13500,558371,622762
3432 Kabupaten Kendal Sektor 3,27150,931,12453,468817,509351
3433 Kabupaten Kudus Sektor 2,33004,1181,20417,523544,578146
3434 Kabupaten Temanggung Sektor 2,29632,996,14432,267472,312532
3435 Kabupaten Rembang Sektor 3,12164,1156,9368,235576,258264
3436 Kabupaten Rembang Sektor 4,12972,996,9496,260106,283570
3437 Kabupaten Karanganyar Sektor 1,54341,1668,17775,483842,557626
3438 Kota Salatiga Sektor 3,252888,2780,82560,1390093,1728321
3439 Kabupaten Pati Sektor 2,49501,1374,24976,643872,719723
3440 Kabupaten Kendal Sektor 4,26017,862,13361,439983,480223
3441 Kota Salatiga Sektor 4,214205,2800,83316,1359386,1659707
3442 Kabupaten Kebumen Sektor 1,27478,1138,14458,482340,525414
3443 Kabupaten Rembang Sektor 5,12702,1022,9678,270318,293720
3444 Kabupaten Purbalingga Sektor 2,23632,427,11872,335121,371052
3445 Kota Semarang Sektor 1,15243,664,6336,175672,197915
3446 Kabupaten Sukoharjo Sektor 2,48885,634,13218,492615,555352
3447 Kabupaten Kudus Sektor 3,32576,1237,18860,466430,519103
3448 Kota  Sektor 3,20562,620,10508,405712,437402
3449 Kabupaten Tegal Sektor 1,25673,429,15444,635875,677421
3450 Kabupaten Pati Sektor 3,47246,1304,23664,588138,660352
3451 Kabupaten Purworejo Sektor 1,20155,737,7991,278649,307532
3452 Kota Magelang Sektor 3,69667,1971,25172,495153,591963
3453 Kabupaten Banyumas Sektor 4,64198,1613,24273,683294,773378
3454 Kabupaten Sukoharjo Sektor 3,51169,677,12981,531234,596061
3455 Kabupaten Boyolali Sektor 2,37556,1667,18696,500451,558370
3456 Kabupaten Magelang Sektor 4,46144,947,16710,467151,530952
3457 Kabupaten Sragen Sektor 2,39386,1071,18488,512974,571919
3458 Kabupaten Grobogan Sektor 2,26086,1499,15562,594195,637342
3459 Kabupaten Kebumen Sektor 2,23088,1309,13134,483961,521492
3460 Kabupaten Wonogiri Sektor 1,34392,2072,15055,347098,398617
3461 Kabupaten Tegal Sektor 2,26055,482,16029,544841,587407
3462 Kabupaten Banyumas Sektor 5,61976,1560,27237,658710,749483
3463 Kabupaten Brebes Sektor 4,19318,622,10910,356784,387634
3464 Kabupaten Wonosobo Sektor 1,18967,1061,13385,249062,282475
3465 Kabupaten Purbalingga Sektor 3,22921,359,11273,377207,411760
3466 Kabupaten Magelang Sektor 5,44651,957,16230,431610,493448
3467 Kabupaten Demak Sektor 1,25685,1094,16961,483490,527230
3468 Kabupaten Cilacap Sektor 2,43690,807,19799,770680,834976
3469 Kabupaten Semarang Sektor 2,40367,1787,17650,513395,573199
3470 Kabupaten Wonosobo Sektor 2,21226,968,13808,289838,325840
3471 Kota Salatiga Sektor 5,246954,3271,83541,1286955,1620721
3472 Kabupaten Cilacap Sektor 3,42496,844,22005,781291,846636
3473 Kabupaten Batang Sektor 2,18696,474,11456,351928,382554
3474 Kabupaten Wonosobo Sektor 3,21924,978,15254,283781,321937
3475 Kabupaten Brebes Sektor 5,18432,715,9824,380828,409799
3476 Kabupaten Pati Sektor 4,43690,1393,25067,612248,682398
3477 Kabupaten Batang Sektor 3,16286,518,10800,342551,370155
3478 Kabupaten Grobogan Sektor 3,24261,1486,15662,523721,565130
3479 Kabupaten Karanganyar Sektor 2,50569,1673,16034,497813,566089
3480 Kabupaten Purbalingga Sektor 4,22022,398,12342,363398,398160
3481 Kabupaten Purbalingga Sektor 5,23520,404,12300,332045,368269
3482 Kabupaten Batang Sektor 4,19643,546,10765,304143,335097
3483 Kabupaten Karanganyar Sektor 3,55534,1572,18325,473595,549026
3484 Kabupaten Kendal Sektor 5,28132,925,14027,499549,542633
3485 Kota Magelang Sektor 6,74584,1680,24949,496556,597769
3486 Kabupaten Pemalang Sektor 2,26118,788,12733,480961,520600
3487 Kabupaten Grobogan Sektor 4,26676,1245,14224,594331,636476
3488 Kabupaten Pati Sektor 5,47284,1224,26889,556273,631670
3489 Kabupaten Temanggung Sektor 3,26665,897,14773,270423,312758
3490 Kabupaten Semarang Sektor 3,39154,1959,21131,507996,570240
3491 Kabupaten Wonosobo Sektor 4,21830,1006,15068,264505,302409
3492 Kabupaten Pati Sektor 6,47034,1364,26882,670373,745653
3493 Kabupaten Wonogiri Sektor 2,37010,2062,14956,340126,394154
3494 Kota Salatiga Sektor 6,253239,2876,79529,1471308,1806952
3495 Kabupaten Purworejo Sektor 2,20788,844,9340,304735,335707
3496 Kabupaten Blora Sektor 4,19701,680,10784,338814,369979
3497 Kabupaten Kudus Sektor 4,38024,1264,18724,485580,543592
3498 Kabupaten Brebes Sektor 6,17487,726,9821,410323,438357
3499 Kabupaten Kendal Sektor 6,23740,869,13420,489962,527991
3500 Kabupaten Wonogiri Sektor 3,34245,2091,14500,384781,435617
3501 Kabupaten Sragen Sektor 3,37191,1032,20826,498989,558038
3502 Kabupaten Purbalingga Sektor 6,24138,369,11984,367944,404435
3503 Kabupaten Wonogiri Sektor 4,36773,2128,13910,347830,400641
3504 Kabupaten Brebes Sektor 7,17167,612,10158,398194,426131
3505 Kota Semarang Sektor 4,14677,617,6328,176312,197934
3506 Kabupaten Magelang Sektor 7,45888,1095,17998,495098,560079
3507 Kabupaten Purworejo Sektor 3,22752,712,8211,274044,305719
3508 Kota Semarang Sektor 5,16417,567,6592,157866,181442
3509 Kabupaten Tegal Sektor 3,27722,458,14912,602014,645106
3510 Kabupaten Pemalang Sektor 3,23348,816,11817,571761,607742
3511 Kabupaten Karanganyar Sektor 4,48337,1698,16691,428370,495096
3512 Kabupaten Karanganyar Sektor 5,48779,1477,17323,458626,526205
3513 Kabupaten Banjarnegara Sektor 1,20761,596,13924,317282,352563
3514 Kabupaten Batang Sektor 5,17736,514,11747,332287,362284
3515 Kota Surakarta Sektor 1,21254,442,5530,113919,141145
3516 Kabupaten Banyumas Sektor 6,58127,1753,26066,656297,742243
3517 Kabupaten Rembang Sektor 6,13515,997,9828,264043,288383
3518 Kabupaten Blora Sektor 5,19055,660,9523,404818,434056
3519 Kota  Sektor 4,20129,626,10979,390609,422343
3520 Kabupaten Sragen Sektor 4,38924,1023,18045,525374,583366
3521 Kabupaten Wonogiri Sektor 5,35293,2132,15868,400172,453465
3522 Kabupaten Banyumas Sektor 7,61805,1870,25538,690774,779987
3523 Kabupaten Purbalingga Sektor 7,21581,395,12121,342247,376344
3524 Kota Magelang Sektor 8,73123,1700,24018,479614,578455
3525 Kabupaten Batang Sektor 6,18787,571,10670,297078,327106
3526 Kota Salatiga Sektor 7,236491,2940,78467,1389911,1707809
3527 Kota Pekalongan Sektor 2,13432,892,5400,160232,179956
3528 Kabupaten Kebumen Sektor 3,27421,1298,15495,492911,537125
3529 Kabupaten Rembang Sektor 7,12174,1038,9771,244405,267388
3530 Kabupaten Semarang Sektor 6,43363,1741,20458,475269,540831
3531 Kabupaten Tegal Sektor 4,30165,412,14588,540104,585269
3532 Kabupaten Karanganyar Sektor 6,53198,1450,16399,506912,577959
3533 Kabupaten Batang Sektor 7,18718,521,10160,351484,380883
3534 Kabupaten Pati Sektor 7,47270,1337,23935,559871,632413
3535 Kabupaten Karanganyar Sektor 7,54863,1477,16967,498752,572059
3536 Kabupaten Kudus Sektor 5,38653,1209,17460,485837,543159
3537 Kabupaten Batang Sektor 8,16954,506,11896,323442,352798
3538 Kabupaten Sragen Sektor 5,41918,1127,18926,524569,586540
3539 Kabupaten Demak Sektor 2,24456,1025,17044,524000,566525
3540 Kabupaten Banjarnegara Sektor 2,20498,586,13104,329118,363306
3541 Kabupaten Tegal Sektor 5,29102,444,15215,622963,667724
3542 Kota Pekalongan Sektor 3,12026,897,5935,162410,181268
3543 Kabupaten Kendal Sektor 7,26785,823,13802,495655,537065
3544 Kabupaten Tegal Sektor 6,30982,439,14601,629933,675955
3545 Kabupaten Demak Sektor 3,27019,945,16376,571409,615749
3546 Kabupaten Sragen Sektor 6,41104,991,19288,520572,581955
3547 Kabupaten Wonosobo Sektor 5,19037,964,14345,280974,315320
3548 Kabupaten Klaten Sektor 1,53465,1373,22616,747129,824583
3549 Kabupaten Tegal Sektor 7,29714,456,14968,541463,586601
3550 Kabupaten Grobogan Sektor 5,26717,1443,14271,611335,653766
3551 Kabupaten Cilacap Sektor 4,47635,763,22002,822359,892759
3552 Kabupaten Pekalongan Sektor 4,22829,443,7787,402534,433593
3553 Kabupaten Kendal Sektor 8,24497,926,13998,442185,481606
3554 Kabupaten Sukoharjo Sektor 4,56131,679,14088,540201,611099
3555 Kabupaten Tegal Sektor 8,31078,412,13559,570483,615532
3556 Kabupaten Sragen Sektor 7,43676,973,18744,476326,539719
3557 Kabupaten Boyolali Sektor 3,38683,1763,17330,482094,539870
3558 Kota Pekalongan Sektor 5,11714,910,6437,157437,176498
3559 Kota  Sektor 5,19432,697,9796,349063,378988
3560 Kota Salatiga Sektor 8,248203,2793,83550,1251142,1585688
3561 Kabupaten Grobogan Sektor 6,26261,1399,15086,593699,636445
3562 Kabupaten Purbalingga Sektor 8,24484,397,12431,330559,367871
3563 Kabupaten Magelang Sektor 9,43093,1035,17536,450200,511864
3564 Kabupaten Magelang Sektor 10,45949,1025,17688,436188,500850
3565 Kabupaten Demak Sektor 4,24986,1087,17420,484401,527894
3566 Kabupaten Wonogiri Sektor 6,37419,1901,15426,411342,466088
3567 Kabupaten Temanggung Sektor 4,27960,960,16354,234543,279817
3568 Kabupaten Grobogan Sektor 7,26463,1469,15106,570821,613859
3569 Kabupaten Purworejo Sektor 4,21806,720,7736,292649,322911
3570 Kabupaten Demak Sektor 5,26603,955,15500,559742,602800
3571 Kota  Sektor 6,20521,732,10165,356358,387776
3572 Kota Salatiga Sektor 9,237902,2780,80581,1505925,1827188
3573 Kota Magelang Sektor 11,76058,1813,25060,473097,576028
3574 Kabupaten Kebumen Sektor 4,23214,1126,13365,536173,573878
3575 Kabupaten Rembang Sektor 8,12381,1098,9072,270570,293121
3576 Kabupaten Demak Sektor 6,25307,1013,16112,485207,527639
3577 Kabupaten Rembang Sektor 9,14079,1078,9412,239002,263571
3578 Kabupaten Pemalang Sektor 4,27318,724,12759,482824,523625
3579 Kabupaten Rembang Sektor 10,13978,1084,8642,256662,280366
3580 Kabupaten Rembang Sektor 11,14172,1143,9129,280553,304997
3581 Kota Salatiga Sektor 10,228775,3065,78509,1500323,1810672
3582 Kabupaten Klaten Sektor 2,58598,1221,21118,775406,856343
3583 Kabupaten Wonosobo Sektor 6,20670,898,12818,288694,323080
3584 Kabupaten Karanganyar Sektor 8,51817,1504,15513,466993,535827
3585 Kabupaten Karanganyar Sektor 9,50566,1502,15769,445098,512935
3586 Kota  Sektor 7,19717,625,11108,369981,401431
3587 Kabupaten Klaten Sektor 3,55525,1269,21225,682448,760467
3588 Kabupaten Magelang Sektor 12,40154,1036,16070,477606,534866
3589 Kabupaten Semarang Sektor 7,38917,1777,20472,456688,517854
3590 Kabupaten Temanggung Sektor 5,25866,839,16397,278042,321144
3591 Kabupaten Rembang Sektor 12,13122,1077,8473,250352,273024
3592 Kabupaten Karanganyar Sektor 10,55399,1639,17448,494600,569086
3593 Kabupaten Pati Sektor 8,46676,1314,25973,563742,637705
3594 Kabupaten Klaten Sektor 4,49925,1182,22028,709397,782532
3595 Kabupaten Batang Sektor 9,17402,550,11871,321335,351158
3596 Kota  Sektor 8,18508,655,10800,349288,379251
3597 Kota Salatiga Sektor 11,215090,3303,79788,1503363,1801544
3598 Kabupaten Banjarnegara Sektor 3,22062,654,14845,293179,330740
3599 Kabupaten Kendal Sektor 9,27203,922,14273,480311,522709
3600 Kota Semarang Sektor 8,14128,586,6935,173769,195418
3601 Kabupaten Banjarnegara Sektor 4,22021,657,12934,316335,351947
3602 Kabupaten Magelang Sektor 13,42965,1067,19267,478965,542264
3603 Kabupaten Tegal Sektor 9,27286,482,15490,541610,584868
3604 Kabupaten Boyolali Sektor 4,38189,1723,17153,482128,539193
3605 Kabupaten Pati Sektor 9,48802,1217,25598,580402,656019
3606 Kabupaten Brebes Sektor 8,18435,642,10668,356412,386157
3607 Kabupaten Kebumen Sektor 5,25026,1152,14450,463094,503722
3608 Kabupaten Temanggung Sektor 6,26479,914,15940,259985,303318
3609 Kabupaten Demak Sektor 7,26166,1143,14983,539996,582288
3610 Kota  Sektor 9,17932,659,11136,392433,422160
3611 Kabupaten Demak Sektor 8,26288,945,15124,524783,567140
3612 Kabupaten Rembang Sektor 13,13990,1000,9022,257560,281572
3613 Kota Surakarta Sektor 2,18224,504,5555,109200,133483
3614 Kabupaten Jepara Sektor 1,36157,1279,25819,596790,660045
3615 Kabupaten Pati Sektor 10,47715,1353,27323,565239,641630
3616 Kabupaten Kudus Sektor 6,33200,1338,19534,523723,577795
3617 Kabupaten Magelang Sektor 14,46211,1092,15922,470815,534040
3618 Kabupaten Wonogiri Sektor 7,35466,1811,15619,360941,413837
3619 Kabupaten Banjarnegara Sektor 5,18546,684,14362,326850,360442
3620 Kabupaten Pemalang Sektor 5,25521,820,12373,527171,565885
3621 Kabupaten Jepara Sektor 2,35441,1301,22597,539318,598657
3622 Kabupaten Purworejo Sektor 5,23245,845,7897,276762,308749
3623 Kabupaten Semarang Sektor 9,44306,1829,21235,478092,545462
3624 Kabupaten Tegal Sektor 10,29506,414,13921,633784,677625
3625 Kabupaten Karanganyar Sektor 11,49039,1720,16240,492219,559218
3626 Kabupaten Tegal Sektor 11,29921,443,15919,605555,651838
3627 Kabupaten Sragen Sektor 8,36779,1058,20130,570763,628730
3628 Kabupaten Pemalang Sektor 6,24692,833,12756,501926,540207
3629 Kabupaten Blora Sektor 6,19355,676,9676,396288,425995
3630 Kabupaten Semarang Sektor 10,45122,1829,19490,467435,533876
3631 Kabupaten Kudus Sektor 7,39437,1204,19682,515942,576265
3632 Kabupaten Brebes Sektor 9,17274,643,9275,398491,425683
3633 Kabupaten Wonosobo Sektor 7,20583,1053,14717,260607,296960
3634 Kabupaten Brebes Sektor 10,18580,609,9765,407045,435999
3635 Kabupaten Semarang Sektor 11,46210,1889,21413,469414,538926
3636 Kabupaten Boyolali Sektor 5,38600,1570,18135,477271,535576
3637 Kabupaten Boyolali Sektor 6,36381,1755,16987,495164,550287
3638 Kabupaten Banyumas Sektor 8,57113,1575,26147,677379,762214
3639 Kabupaten Purbalingga Sektor 9,22271,372,12577,341246,376466
3640 Kabupaten Banjarnegara Sektor 6,21187,680,12638,302254,336759
3641 Kabupaten Karanganyar Sektor 12,52375,1431,15574,513525,582905
3642 Kabupaten Pemalang Sektor 7,23554,707,11721,551614,587596
3643 Kota Magelang Sektor 15,64562,1923,24018,471530,562033
3644 Kabupaten Banjarnegara Sektor 7,20921,634,12850,326578,360983
3645 Kabupaten Pati Sektor 11,48863,1357,23289,632458,705967
3646 Kabupaten Wonosobo Sektor 8,19954,1016,15184,247950,284104
3647 Kabupaten Pekalongan Sektor 6,22166,380,7308,418405,448259
3648 Kabupaten Pemalang Sektor 8,27966,708,13016,534794,576484
3649 Kabupaten Jepara Sektor 3,35757,1362,22781,603434,663334
3650 Kabupaten Kendal Sektor 10,28687,934,14370,474777,518768
3651 Kota  Sektor 10,18591,649,11287,345358,375885
3652 Kota Magelang Sektor 16,67868,1657,25002,484873,579400
3653 Kabupaten Kendal Sektor 11,24018,881,12632,511554,549085
3654 Kabupaten Pati Sektor 12,43359,1332,27307,674897,746895
3655 Kabupaten Blora Sektor 7,19756,624,10925,341891,373196
3656 Kabupaten Rembang Sektor 14,13335,1166,8822,281283,304606
3657 Kabupaten Tegal Sektor 12,27766,487,15120,598326,641699
3658 Kabupaten Purbalingga Sektor 10,23689,384,13289,327254,364616
3659 Kabupaten Banjarnegara Sektor 8,20600,680,12641,317702,351623
3660 Kabupaten Banyumas Sektor 9,66217,1678,26207,690265,784367
3661 Kabupaten Kudus Sektor 8,35951,1115,16989,485176,539231
3662 Kota Salatiga Sektor 12,250691,3179,78266,1299444,1631580
3663 Kabupaten Brebes Sektor 11,18204,641,10487,378462,407794
3664 Kabupaten Kendal Sektor 12,28478,846,13434,497725,540483
3665 Kabupaten Banjarnegara Sektor 9,19910,671,13704,310561,344846
3666 Kabupaten Pemalang Sektor 9,23658,855,11929,522150,558592
3667 Kabupaten Klaten Sektor 5,60113,1351,22246,762266,845976
3668 Kabupaten Wonogiri Sektor 8,34505,1859,13848,365191,415403
3669 Kota Salatiga Sektor 13,214386,3202,78595,1405550,1701733
3670 Kabupaten Temanggung Sektor 7,27426,934,17101,250234,295695
3671 Kabupaten Kebumen Sektor 6,22996,1245,13414,533215,570870
3672 Kota Semarang Sektor 12,15306,580,6683,166523,189092
3673 Kabupaten Pemalang Sektor 10,22978,810,11037,513720,548545
3674 Kabupaten Pati Sektor 13,42549,1253,25631,648356,717789
3675 Kota Pekalongan Sektor 7,13119,825,5692,150119,169755
3676 Kabupaten Grobogan Sektor 8,27393,1238,14575,532712,575918
3677 Kota Magelang Sektor 17,77298,1952,24092,477716,581058
3678 Kabupaten Brebes Sektor 12,19297,600,10874,363575,394346
3679 Kabupaten Pati Sektor 14,48652,1247,27533,622026,699458
3680 Kabupaten Rembang Sektor 15,14114,1183,8817,271670,295784
3681 Kabupaten Temanggung Sektor 8,25431,827,17065,251272,294595
3682 Kabupaten Batang Sektor 10,17505,553,10249,298190,326497
3683 Kabupaten Semarang Sektor 13,46387,2032,19217,431499,499135
3684 Kabupaten Wonogiri Sektor 9,34837,1887,13561,346171,396456
3685 Kabupaten Temanggung Sektor 9,27025,896,15314,249981,293216
3686 Kabupaten Pemalang Sektor 11,24655,768,11155,487676,524254
3687 Kabupaten Brebes Sektor 13,17292,613,10285,412539,440729
3688 Kabupaten Pati Sektor 15,41270,1199,28072,556941,627482
3689 Kota Magelang Sektor 18,68125,1790,24017,457356,551288
3690 Kabupaten Blora Sektor 8,20389,684,10883,333976,365932
3691 Kabupaten Cilacap Sektor 5,45684,795,18939,720097,785515
3692 Kabupaten Blora Sektor 9,17670,743,9654,376715,404782
3693 Kota Semarang Sektor 14,15970,642,6524,179856,202992
3694 Kabupaten Batang Sektor 11,18376,495,11834,293201,323906
3695 Kabupaten Sragen Sektor 9,40325,1022,17648,481820,540815
3696 Kabupaten Grobogan Sektor 9,25990,1267,13605,606553,647415
3697 Kabupaten Batang Sektor 12,17090,510,11212,296807,325619
3698 Kabupaten Pekalongan Sektor 8,20536,414,7443,385444,413837
3699 Kota Pekalongan Sektor 9,12208,897,5896,179088,198089
3700 Kabupaten Semarang Sektor 15,43408,1790,18742,453045,516985
3701 Kabupaten Tegal Sektor 13,29598,439,15230,585310,630577
3702 Kabupaten Temanggung Sektor 10,26229,963,15734,233748,276674
3703 Kota  Sektor 11,21012,608,10542,378363,410525
3704 Kabupaten Temanggung Sektor 11,25428,848,15087,256656,298019
3705 Kota Semarang Sektor 16,14556,558,6356,161118,182588
3706 Kabupaten Pekalongan Sektor 10,20515,440,8366,375459,404780
3707 Kabupaten Temanggung Sektor 12,28698,900,15594,280680,325872
3708 Kota  Sektor 12,20355,646,9549,365305,395855
3709 Kabupaten Pati Sektor 16,42480,1307,23259,654124,721170
3710 Kabupaten Semarang Sektor 17,42732,1690,18544,508843,571809
3711 Kabupaten Purworejo Sektor 6,23321,740,8049,295765,327875
3712 Kabupaten Purbalingga Sektor 11,21240,365,11002,338828,371435
3713 Kabupaten Magelang Sektor 19,40094,934,17708,431853,490589
3714 Kabupaten Karanganyar Sektor 13,48178,1428,16375,491773,557754
3715 Kota Semarang Sektor 18,16866,567,6521,163603,187557
3716 Kabupaten Kendal Sektor 13,24534,941,12705,502759,540939
3717 Kabupaten Pekalongan Sektor 11,22052,426,7830,352234,382542
3718 Kabupaten Semarang Sektor 19,40684,1818,20192,472574,535268
3719 Kabupaten Pemalang Sektor 12,26943,819,12324,520758,560844
3720 Kabupaten Banyumas Sektor 10,58303,1802,22764,705406,788275
3721 Kabupaten Pati Sektor 17,42816,1360,24420,614048,682644
3722 Kabupaten Temanggung Sektor 13,27455,848,15107,239975,283385
3723 Kabupaten Purworejo Sektor 7,20237,779,8083,284400,313499
3724 Kabupaten Boyolali Sektor 7,36951,1739,17930,484674,541294
3725 Kabupaten Boyolali Sektor 8,34595,1619,16929,455947,509090
3726 Kabupaten Pekalongan Sektor 12,23287,407,7154,399557,430405
3727 Kota Pekalongan Sektor 13,12145,830,5709,153143,171827
3728 Kota Pekalongan Sektor 14,12516,819,5461,162514,181310
3729 Kabupaten Rembang Sektor 16,14005,1009,9339,279986,304339
3730 Kabupaten Pekalongan Sektor 15,19927,375,7640,354171,382113
3731 Kota Surakarta Sektor 3,20087,432,5901,123519,149939
3732 Kabupaten Cilacap Sektor 6,41797,846,20965,705263,768871
3733 Kabupaten Grobogan Sektor 10,24337,1416,15198,612054,653005
3734 Kabupaten Karanganyar Sektor 14,49976,1573,16746,502414,570709
3735 Kabupaten Banyumas Sektor 11,59881,1694,26594,651425,739594
3736 Kabupaten Banyumas Sektor 12,58619,1840,23950,624502,708911
3737 Kabupaten Banyumas Sektor 13,63867,1607,23250,633653,722377
3738 Kabupaten Banjarnegara Sektor 10,20936,614,14265,347145,382960
3739 Kota  Sektor 13,19087,742,10832,351162,381823
3740 Kabupaten Purworejo Sektor 8,20827,736,8116,271611,301290
3741 Kota  Sektor 14,20060,681,11008,357871,389620
3742 Kabupaten Rembang Sektor 17,14407,1133,8608,248170,272318
3743 Kabupaten Purworejo Sektor 9,23217,725,9180,268343,301465
3744 Kabupaten Temanggung Sektor 14,29113,988,16645,252580,299326
3745 Kabupaten Wonogiri Sektor 10,33667,2001,13560,367850,417078
3746 Kabupaten Pemalang Sektor 13,24888,852,11193,549503,586436
3747 Kabupaten Pekalongan Sektor 16,21091,419,8104,411473,441087
3748 Kota Surakarta Sektor 4,20445,476,5437,118723,145081
3749 Kabupaten Wonogiri Sektor 11,38499,1865,14688,399796,454848
3750 Kabupaten Temanggung Sektor 15,28979,947,15397,234276,279599
3751 Kabupaten Kendal Sektor 14,24232,854,14261,448053,487400
3752 Kabupaten Brebes Sektor 14,17457,720,9645,373931,401753
3753 Kabupaten Jepara Sektor 4,33300,1263,22357,641746,698666
3754 Kabupaten Pati Sektor 18,45517,1269,25214,591632,663632
3755 Kabupaten Wonosobo Sektor 9,21121,972,12859,242256,277208
3756 Kabupaten Banjarnegara Sektor 11,19988,700,13655,333653,367996
3757 Kabupaten Purbalingga Sektor 12,22965,382,13163,362722,399232
3758 Kota  Sektor 15,19472,636,11031,339009,370148
3759 Kabupaten Pekalongan Sektor 17,22828,430,7624,421298,452180
3760 Kabupaten Klaten Sektor 6,55594,1294,22866,662992,742746
3761 Kabupaten Banyumas Sektor 14,58824,1717,22769,658792,742102
3762 Kabupaten Demak Sektor 9,24699,1078,15659,499594,541030
3763 Kabupaten Kendal Sektor 15,27970,952,12657,514421,556000
3764 Kabupaten Klaten Sektor 7,52820,1267,22305,750620,827012
3765 Kabupaten Klaten Sektor 8,56083,1181,20337,646864,724465
3766 Kabupaten Demak Sektor 10,25602,1120,15369,539027,581118
3767 Kabupaten Klaten Sektor 9,55949,1282,21449,712856,791536
3768 Kabupaten Blora Sektor 10,19096,732,10535,373185,403548
3769 Kabupaten Wonogiri Sektor 12,38764,2059,13333,369111,423267
3770 Kabupaten Boyolali Sektor 9,41283,1761,15947,451545,510536
3771 Kabupaten Pekalongan Sektor 18,20249,411,8260,363578,392498
3772 Kabupaten Batang Sektor 13,16409,522,11039,328583,356553
3773 Kabupaten Sragen Sektor 10,37602,1082,20652,576529,635865
3774 Kota Magelang Sektor 20,69373,1911,23150,500039,594473
3775 Kota Semarang Sektor 20,15265,644,6179,159712,181800
3776 Kota Magelang Sektor 21,71326,1931,23302,452562,549121
3777 Kota  Sektor 16,17555,725,10267,337862,366409
3778 Kabupaten Banjarnegara Sektor 12,20320,590,14869,321180,356959
3779 Kabupaten Kebumen Sektor 7,22797,1212,13495,479474,516978
3780 Kabupaten Karanganyar Sektor 15,51951,1560,16571,503115,573197
3781 Kabupaten Temanggung Sektor 16,25781,901,15283,278458,320423
3782 Kota Pekalongan Sektor 19,12859,805,5765,149503,168932
3783 Kabupaten Temanggung Sektor 17,28038,919,16188,277959,323104
3784 Kabupaten Kudus Sektor 9,36217,1233,18378,448484,504312
3785 Kabupaten Pati Sektor 19,48204,1406,23081,663374,736065
3786 Kota Pekalongan Sektor 20,12160,799,5990,155170,174119
3787 Kota Surakarta Sektor 5,19974,506,5828,125761,152069
3788 Kabupaten Boyolali Sektor 10,41733,1632,16694,506548,566607
3789 Kabupaten Kendal Sektor 16,28558,926,11845,505929,547258
3790 Kabupaten Rembang Sektor 18,13587,997,9315,234688,258587
3791 Kabupaten Sragen Sektor 11,43366,1092,17588,479147,541193
3792 Kabupaten Kudus Sektor 10,34984,1198,20516,523934,580632
3793 Kabupaten Banjarnegara Sektor 13,18814,613,13956,351957,385340
3794 Kabupaten Wonogiri Sektor 13,35659,2009,13308,359052,410028
3795 Kota Semarang Sektor 21,14808,667,6043,180524,202042
3796 Kota Salatiga Sektor 14,237589,2803,75575,1325106,1641073
3797 Kota Salatiga Sektor 15,232283,3161,73004,1495977,1804425
3798 Kota  Sektor 17,17756,644,10070,402512,430982
3799 Kabupaten Grobogan Sektor 11,27933,1461,13838,563358,606590
3800 Kabupaten Sukoharjo Sektor 5,57541,624,13684,541481,613330
3801 Kabupaten Batang Sektor 14,16625,476,11466,340772,369339
3802 Kabupaten Wonogiri Sektor 14,39149,2173,15258,400999,457579
3803 Kabupaten Kebumen Sektor 8,25527,1315,15300,489075,531217
3804 Kabupaten Jepara Sektor 5,34773,1284,24571,627471,688099
3805 Kabupaten Wonosobo Sektor 10,18319,997,15133,256286,290735
3806 Kabupaten Batang Sektor 15,18128,505,10871,326516,356020
3807 Kabupaten Banyumas Sektor 15,58309,1769,24225,757171,841474
3808 Kabupaten Sukoharjo Sektor 6,52370,617,13939,576180,643106
3809 Kabupaten Grobogan Sektor 12,27020,1311,14660,559788,602779
3810 Kabupaten Temanggung Sektor 18,29115,851,17256,240331,287553
3811 Kota Surakarta Sektor 6,18928,433,5325,110979,135665
3812 Kabupaten Semarang Sektor 22,43593,1717,18503,442338,506151
3813 Kabupaten Jepara Sektor 6,36779,1250,23649,563523,625201
3814 Kabupaten Rembang Sektor 19,13232,1168,8586,231583,254569
3815 Kabupaten Grobogan Sektor 13,27371,1291,15265,559757,603684
3816 Kabupaten Jepara Sektor 7,32962,1304,25906,646905,707077
3817 Kabupaten Boyolali Sektor 11,36037,1816,16197,446942,500992
3818 Kota Magelang Sektor 22,75998,1782,24436,487219,589435
3819 Kabupaten Purworejo Sektor 10,22243,832,8307,290762,322144
3820 Kota Semarang Sektor 23,13944,660,6190,165074,185868
3821 Kabupaten Kudus Sektor 11,37510,1211,19601,454618,512940
3822 Kabupaten Semarang Sektor 24,39341,1947,17796,513151,572235
3823 Kota Pekalongan Sektor 21,11932,919,5936,152588,171375
3824 Kota Semarang Sektor 25,16532,597,6705,182711,206545
3825 Kota Pekalongan Sektor 22,13719,869,5436,153409,173433
3826 Kabupaten Banyumas Sektor 16,59793,1886,25915,727213,814807
3827 Kabupaten Temanggung Sektor 19,25113,910,14373,233949,274345
3828 Kabupaten Wonogiri Sektor 15,33610,2157,13843,382186,431796
3829 Kabupaten Tegal Sektor 14,29435,407,13477,601006,644325
3830 Kabupaten Wonogiri Sektor 16,32767,1831,15142,409863,459603
3831 Kabupaten Jepara Sektor 8,37030,1353,21800,548350,608533
3832 Kabupaten Karanganyar Sektor 16,47423,1496,16337,491510,556766
3833 Kabupaten Blora Sektor 11,20504,687,9439,346952,377582
3834 Kota  Sektor 18,19114,723,10991,362618,393446
3835 Kabupaten Kendal Sektor 17,26001,854,11919,463571,502345
3836 Kabupaten Rembang Sektor 20,13916,994,9292,243608,267810
3837 Kota Semarang Sektor 26,16002,575,6953,172690,196220
3838 Kabupaten Kudus Sektor 12,38366,1314,19116,502117,560913
3839 Kabupaten Jepara Sektor 9,35536,1339,23541,580713,641129
3840 Kabupaten Sragen Sektor 12,40510,1063,17327,478516,537416
3841 Kota Surakarta Sektor 7,19657,462,6291,109804,136214
3842 Kabupaten Rembang Sektor 21,13465,1015,8453,247786,270719
3843 Kota  Sektor 19,17755,628,10714,380314,409411
3844 Kabupaten Grobogan Sektor 14,27470,1284,13547,593772,636073
3845 Kabupaten Brebes Sektor 15,19787,689,10766,398524,429766
3846 Kota Semarang Sektor 27,14360,651,6805,164334,186150
3847 Kabupaten Wonosobo Sektor 11,21170,1004,13276,281278,316728
3848 Kota  Sektor 20,20695,615,11056,357991,390357
3849 Kabupaten Brebes Sektor 16,18529,710,10911,404861,435011
3850 Kabupaten Kudus Sektor 13,35543,1137,17242,483668,537590
3851 Kabupaten Purbalingga Sektor 13,22467,419,11967,360523,395376
3852 Kota Semarang Sektor 28,15511,635,6233,167387,189766
3853 Kabupaten Pekalongan Sektor 23,22421,449,7979,355791,386640
3854 Kabupaten Semarang Sektor 29,47519,1750,17617,440809,507695
3855 Kabupaten Boyolali Sektor 12,38427,1794,17497,511450,569168
3856 Kabupaten Semarang Sektor 30,44875,2056,18663,473938,539532
3857 Kota Magelang Sektor 23,66841,1775,22920,504312,595848
3858 Kota Pekalongan Sektor 24,13423,827,6325,162733,183308
3859 Kabupaten Tegal Sektor 15,30867,485,15428,614477,661257
3860 Kabupaten Sukoharjo Sektor 7,53635,621,11814,476935,543005
3861 Kabupaten Jepara Sektor 10,37690,1204,25176,544126,608196
3862 Kabupaten Temanggung Sektor 20,27320,933,16643,261597,306493
3863 Kabupaten Kudus Sektor 14,35887,1307,17471,458838,513503
3864 Kabupaten Wonosobo Sektor 12,18444,978,12830,243438,275690
3865 Kabupaten Grobogan Sektor 15,25564,1488,15336,617105,659493
3866 Kabupaten Banyumas Sektor 17,57509,1867,27012,693594,779982
3867 Kabupaten Tegal Sektor 16,29268,428,15534,618793,664023
3868 Kabupaten Karanganyar Sektor 17,52097,1552,15827,479712,549188
3869 Kabupaten Magelang Sektor 24,45403,926,18240,446818,511387
3870 Kabupaten Sragen Sektor 13,41860,1007,17583,498346,558796
3871 Kabupaten Klaten Sektor 10,58350,1200,20562,725393,805505
3872 Kabupaten Batang Sektor 16,16683,511,11223,322585,351002
3873 Kabupaten Wonosobo Sektor 13,20234,1010,13763,287089,322096
3874 Kabupaten Wonosobo Sektor 14,19849,1000,14284,246890,282023
3875 Kabupaten Kendal Sektor 18,24277,952,13493,456848,495570
3876 Kota Pekalongan Sektor 25,12505,821,6037,149039,168402
3877 Kota Surakarta Sektor 8,19238,453,5188,108551,133430
3878 Kabupaten Cilacap Sektor 7,48378,729,19649,783427,852183
3879 Kabupaten Jepara Sektor 11,32200,1305,24690,558761,616956
3880 Kabupaten Boyolali Sektor 13,42011,1781,15750,515680,575222
3881 Kabupaten Boyolali Sektor 14,35661,1645,18225,507505,563036
3882 Kabupaten Brebes Sektor 17,18430,672,10187,366435,395724
3883 Kota Salatiga Sektor 16,226470,2947,76071,1323150,1628638
3884 Kabupaten Karanganyar Sektor 18,51949,1657,18025,509698,581329
3885 Kota Magelang Sektor 25,65870,1707,25486,499105,592168
3886 Kabupaten Klaten Sektor 11,51890,1205,23204,696913,773212
3887 Kabupaten Kebumen Sektor 9,23332,1339,15368,461198,501237
3888 Kota  Sektor 21,18102,726,10955,350076,379859
3889 Kabupaten Temanggung Sektor 21,25183,863,15609,267258,308913
3890 Kota Surakarta Sektor 9,17769,431,5774,129050,153024
3891 Kabupaten Rembang Sektor 22,14367,1179,8787,256678,281011
3892 Kota  Sektor 22,19645,712,10854,359123,390334
3893 Kabupaten Rembang Sektor 23,12156,990,9765,264737,287648
3894 Kota  Sektor 23,19403,692,9358,362583,392036
3895 Kabupaten Boyolali Sektor 15,35122,1694,15939,511436,564191
3896 Kota Surakarta Sektor 10,20532,516,6066,114312,141426
3897 Kabupaten Jepara Sektor 12,35988,1378,23849,585259,646474
3898 Kabupaten Sragen Sektor 14,36783,965,19332,539312,596392
3899 Kabupaten Semarang Sektor 31,46164,1798,19255,471332,538549
3900 Kabupaten Grobogan Sektor 16,24210,1295,15720,545432,586657
3901 Kabupaten Tegal Sektor 17,29653,434,15875,612921,658883
3902 Kabupaten Klaten Sektor 12,59250,1385,24642,661206,746483
3903 Kabupaten Boyolali Sektor 16,39985,1554,16202,468199,525940
3904 Kabupaten Batang Sektor 17,19089,483,11484,290170,321226
3905 Kabupaten Tegal Sektor 18,30024,411,16060,633424,679919
3906 Kabupaten Brebes Sektor 18,16870,625,10906,392453,420854
3907 Kabupaten Klaten Sektor 13,52054,1177,23260,661883,738374
3908 Kabupaten Tegal Sektor 19,29904,459,13575,620606,664544
3909 Kabupaten Pekalongan Sektor 26,19194,451,7257,423693,450595
3910 Kota Semarang Sektor 32,14569,607,6688,184641,206505
3911 Kabupaten Kendal Sektor 19,27820,862,12092,524963,565737
3912 Kabupaten Banjarnegara Sektor 14,18996,703,13839,312678,346216
3913 Kabupaten Pekalongan Sektor 27,20423,415,7629,406402,434869
3914 Kabupaten Purworejo Sektor 11,22589,844,9280,323807,356520
3915 Kabupaten Kendal Sektor 20,25385,899,12019,506005,544308
3916 Kabupaten Sragen Sektor 15,43108,975,19161,501756,565000
3917 Kabupaten Semarang Sektor 33,47370,2053,21191,501198,571812
3918 Kabupaten Klaten Sektor 14,58089,1305,22730,646982,729106
3919 Kabupaten Magelang Sektor 26,47329,1020,16105,467972,532426
3920 Kabupaten Banyumas Sektor 18,59374,1780,23006,659883,744043
3921 Kabupaten Grobogan Sektor 17,26576,1492,15131,527202,570401
3922 Kabupaten Tegal Sektor 20,26680,472,13891,597958,639001
3923 Kabupaten Demak Sektor 11,25790,1052,17265,512095,556202
3924 Kota  Sektor 24,20213,684,10607,333777,365281
3925 Kabupaten Pekalongan Sektor 28,22226,433,7313,368493,398465
3926 Kabupaten Boyolali Sektor 17,39562,1765,15838,479192,536357
3927 Kabupaten Temanggung Sektor 22,29202,820,15359,266694,312075
3928 Kabupaten Blora Sektor 12,18193,617,10700,375108,404618
3929 Kabupaten Kendal Sektor 21,25928,844,13996,479152,519920
3930 Kabupaten Klaten Sektor 15,56927,1188,22658,714268,795041
3931 Kabupaten Cilacap Sektor 8,40497,856,19561,711029,771943
3932 Kabupaten Purbalingga Sektor 14,23251,386,13108,352063,388808
3933 Kota Salatiga Sektor 17,208974,3110,79615,1480273,1771972
3934 Kota Semarang Sektor 34,14663,660,6943,191223,213489
3935 Kota Salatiga Sektor 18,239553,2908,82446,1399432,1724339
3936 Kabupaten Pekalongan Sektor 29,20192,440,7039,376200,403871
3937 Kota Semarang Sektor 35,14693,563,6036,165532,186824
3938 Kabupaten Pati Sektor 20,46211,1309,23976,615693,687189
3939 Kota Surakarta Sektor 11,19079,502,5475,126126,151182
3940 Kota Salatiga Sektor 19,234899,3190,82950,1439251,1760290
3941 Kabupaten Rembang Sektor 24,14165,1110,8897,279934,304106
3942 Kabupaten Magelang Sektor 27,44783,945,17926,491746,555400
3943 Kabupaten Wonosobo Sektor 15,21507,978,12913,272842,308240
3944 Kabupaten Pemalang Sektor 14,27896,808,10958,503892,543554
3945 Kabupaten Blora Sektor 13,20131,695,9523,368534,398883
3946 Kabupaten Karanganyar Sektor 19,47562,1636,15782,499615,564595
3947 Kabupaten Purworejo Sektor 12,23266,752,9036,300933,333987
3948 Kota Magelang Sektor 28,77229,1684,23831,470797,573541
3949 Kabupaten Cilacap Sektor 9,48191,806,19213,746281,814491
3950 Kabupaten Klaten Sektor 16,59900,1259,24592,718092,803843
3951 Kabupaten Sukoharjo Sektor 8,49177,746,12561,509417,571901
3952 Kabupaten Magelang Sektor 29,45372,970,17514,464028,527884
3953 Kabupaten Wonogiri Sektor 17,34328,2080,14077,405888,456373
3954 Kabupaten Wonosobo Sektor 16,18536,1026,14235,276571,310368
3955 Kabupaten Temanggung Sektor 23,27506,915,14950,251734,295105
3956 Kabupaten Temanggung Sektor 24,29698,873,14620,235294,280485
3957 Kabupaten Pati Sektor 21,42815,1438,27644,622935,694832
3958 Kota Pekalongan Sektor 30,12988,777,5626,160145,179536
3959 Kabupaten Semarang Sektor 36,43794,1849,17841,470762,534246
3960 Kota Magelang Sektor 30,68508,1973,22020,451269,543770
3961 Kabupaten Wonosobo Sektor 17,20311,1013,13903,273303,308530
3962 Kota Pekalongan Sektor 31,13361,844,5695,175511,195411
3963 Kabupaten Cilacap Sektor 10,43825,792,22343,738910,805870
3964 Kota Salatiga Sektor 20,253237,2776,75729,1275471,1607213
3965 Kabupaten Klaten Sektor 17,59702,1398,24620,751581,837301
3966 Kabupaten Purbalingga Sektor 15,25680,377,12744,367841,406642
3967 Kabupaten Brebes Sektor 19,17711,610,9508,346827,374656
3968 Kabupaten Boyolali Sektor 18,35939,1620,17865,443099,498523
3969 Kabupaten Banyumas Sektor 19,57986,1650,26193,726300,812129
3970 Kabupaten Temanggung Sektor 25,28112,823,16914,252719,298568
3971 Kabupaten Banyumas Sektor 20,57336,1635,24337,706006,789314
3972 Kabupaten Magelang Sektor 31,42272,1069,18964,486920,549225
3973 Kabupaten Rembang Sektor 25,12243,1139,9547,245348,268277
3974 Kota Surakarta Sektor 12,19143,441,5897,116356,141837
3975 Kabupaten Demak Sektor 12,24184,1034,16081,516206,557505
3976 Kabupaten Temanggung Sektor 26,27243,984,17269,248291,293787
3977 Kota Salatiga Sektor 21,219130,2981,72440,1399302,1693853
3978 Kabupaten Cilacap Sektor 11,43748,865,22467,821539,888619
3979 Kabupaten Banjarnegara Sektor 15,21830,696,12863,338209,373598
3980 Kabupaten Kebumen Sektor 10,24141,1163,14288,526110,565702
3981 Kabupaten Kudus Sektor 15,37026,1151,17758,495568,551503
3982 Kabupaten Kudus Sektor 16,36111,1153,18112,463963,519339
3983 Kabupaten Karanganyar Sektor 20,48399,1538,18428,455472,523837
3984 Kota Semarang Sektor 37,16753,663,6837,170522,194775
3985 Kabupaten Purworejo Sektor 13,20898,716,8475,282614,312703
3986 Kabupaten Kendal Sektor 22,25473,918,11934,470069,508394
3987 Kota Salatiga Sektor 22,214059,2954,72132,1381795,1670940
3988 Kabupaten Klaten Sektor 18,57401,1238,20657,649265,728561
3989 Kota Magelang Sektor 32,67219,1631,24503,494529,587882
3990 Kabupaten Karanganyar Sektor 21,54520,1440,17018,498349,571327
3991 Kabupaten Boyolali Sektor 19,38889,1810,18915,493662,553276
3992 Kabupaten Pemalang Sektor 15,25657,815,11361,540003,577836
3993 Kabupaten Purworejo Sektor 14,21219,743,8007,287495,317464
3994 Kabupaten Blora Sektor 14,20343,613,10241,380596,411793
3995 Kabupaten Wonogiri Sektor 18,35942,1993,16257,402991,457183
3996 Kabupaten Tegal Sektor 21,26106,420,14625,577143,618294
3997 Kabupaten Wonosobo Sektor 18,18829,897,14445,257936,292107
3998 Kabupaten Banjarnegara Sektor 16,18616,589,14335,324901,358441
3999 Kabupaten Sukoharjo Sektor 9,51702,641,12429,550046,614818
4000 Kabupaten Tegal Sektor 22,28663,483,13679,622964,665789
4001 Kabupaten Pemalang Sektor 16,23007,713,10979,564567,599266
4002 Kabupaten Brebes Sektor 20,20323,694,10520,352395,383932
4003 Kabupaten Rembang Sektor 26,14573,1193,9097,240142,265005
4004 Kabupaten Klaten Sektor 19,50997,1242,24514,770502,847255
4005 Kabupaten Demak Sektor 13,24779,1029,14768,515246,555822
4006 Kabupaten Banjarnegara Sektor 17,18461,634,13333,325304,357732
4007 Kabupaten Temanggung Sektor 27,24851,933,15564,250546,291894
4008 Kabupaten Brebes Sektor 21,19394,704,9575,351452,381125
4009 Kabupaten Tegal Sektor 23,26985,484,13538,610229,651236
4010 Kabupaten Sukoharjo Sektor 10,54176,672,13407,564095,632350
4011 Kabupaten Klaten Sektor 20,60683,1177,21218,774402,857480
4012 Kabupaten Cilacap Sektor 12,45989,846,22007,728765,797607
4013 Kota Semarang Sektor 38,15151,633,6884,191324,213992
4014 Kabupaten Tegal Sektor 24,25659,421,14811,600368,641259
4015 Kabupaten Klaten Sektor 21,59803,1256,22233,689077,772369
4016 Kabupaten Karanganyar Sektor 22,53891,1663,16234,482262,554050
4017 Kabupaten Tegal Sektor 25,29730,426,14482,632400,677038
4018 Kabupaten Sukoharjo Sektor 11,52061,667,14096,514628,581452
4019 Kabupaten Temanggung Sektor 28,24525,927,16665,254381,296498
4020 Kabupaten Rembang Sektor 27,12584,1049,8475,256685,278793
4021 Kabupaten Pekalongan Sektor 32,20285,419,8354,413056,442114
4022 Kabupaten Pekalongan Sektor 33,20669,442,7445,360298,388854
4023 Kota Pekalongan Sektor 34,11910,883,5910,159821,178524
4024 Kabupaten Purworejo Sektor 15,23138,763,9032,269965,302898
4025 Kabupaten Sragen Sektor 16,41943,1016,18885,496753,558597
4026 Kabupaten Purworejo Sektor 16,22332,700,9053,307193,339278
4027 Kabupaten Karanganyar Sektor 23,46622,1640,18415,481615,548292
4028 Kabupaten Rembang Sektor 28,12541,991,9131,263378,286041
4029 Kabupaten Sukoharjo Sektor 12,54110,663,13928,487575,556276
4030 Kota Magelang Sektor 33,77355,1951,23675,452236,555217
4031 Kabupaten Banjarnegara Sektor 18,19277,661,13595,291659,325192
4032 Kabupaten Sragen Sektor 17,37036,1155,19435,548997,606623
4033 Kabupaten Sragen Sektor 18,39026,997,17787,541931,599741
4034 Kota Pekalongan Sektor 35,12101,901,6568,164819,184389
4035 Kabupaten Banjarnegara Sektor 19,19449,685,12750,329236,362120
4036 Kabupaten Semarang Sektor 39,45448,1974,19358,484721,551501
4037 Kabupaten Karanganyar Sektor 24,49013,1626,18141,472462,541242
4038 Kota Salatiga Sektor 23,210464,2908,70050,1272883,1556305
4039 Kabupaten Tegal Sektor 26,27627,457,13670,647871,689625
4040 Kabupaten Pekalongan Sektor 36,23125,400,7124,412541,443190
4041 Kabupaten Temanggung Sektor 29,28374,949,14819,271949,316091
4042 Kabupaten Rembang Sektor 29,12955,1138,9508,270641,294242
4043 Kota Pekalongan Sektor 37,12573,927,5657,166621,185778
4044 Kabupaten Demak Sektor 14,27202,1020,16099,553483,597804
4045 Kabupaten Banyumas Sektor 21,60831,1640,26188,735640,824299
4046 Kabupaten Kudus Sektor 17,35207,1207,20155,524533,581102
4047 Kabupaten Temanggung Sektor 30,28667,901,16768,248210,294546
4048 Kabupaten Demak Sektor 15,24553,1026,15997,527489,569065
4049 Kabupaten Sukoharjo Sektor 13,49811,691,11849,571679,634030
4050 Kabupaten Magelang Sektor 34,46407,915,16147,434407,497876
4051 Kabupaten Purbalingga Sektor 16,24169,413,12641,378110,415333
4052 Kabupaten Klaten Sektor 22,57873,1396,23215,720437,802921
4053 Kabupaten Purbalingga Sektor 17,25340,387,11480,365556,402763
4054 Kabupaten Kendal Sektor 23,26912,894,12859,460518,501183
4055 Kabupaten Wonogiri Sektor 19,38018,1872,13467,399538,452895
4056 Kabupaten Karanganyar Sektor 25,48870,1551,15892,445325,511638
4057 Kabupaten Brebes Sektor 22,17468,702,9249,380200,407619
4058 Kabupaten Blora Sektor 15,20903,651,9729,382877,414160
4059 Kabupaten Banjarnegara Sektor 20,18400,637,14791,334565,368393
4060 Kabupaten Purworejo Sektor 17,20642,775,9167,297592,328176
4061 Kabupaten Rembang Sektor 30,13867,1098,9724,262357,287046
4062 Kabupaten Pati Sektor 22,44696,1209,28009,656964,730878
4063 Kota Salatiga Sektor 24,217815,3140,83860,1330068,1634883
4064 Kabupaten Purbalingga Sektor 18,25046,409,12969,333556,371980
4065 Kabupaten Boyolali Sektor 20,39658,1726,18354,461831,521569
4066 Kabupaten Karanganyar Sektor 26,53172,1699,15445,422994,493310
4067 Kabupaten Wonosobo Sektor 19,19983,993,15502,291961,328439
4068 Kabupaten Semarang Sektor 40,44039,1717,20319,431691,497766
4069 Kabupaten Pati Sektor 23,49534,1259,25957,638873,715623
4070 Kabupaten Sragen Sektor 19,40682,1068,17648,487745,547143
4071 Kota Magelang Sektor 35,73733,1629,24562,464417,564341
4072 Kabupaten Kebumen Sektor 11,25989,1318,13359,535438,576104
4073 Kabupaten Jepara Sektor 13,35603,1254,23678,588600,649135
4074 Kabupaten Wonogiri Sektor 20,32724,1799,15039,344038,393600
4075 Kabupaten Sukoharjo Sektor 14,49574,649,12832,575129,638184
4076 Kabupaten Tegal Sektor 27,30920,420,14004,556967,602311
4077 Kabupaten Purbalingga Sektor 19,24685,370,11002,353921,389978
4078 Kabupaten Cilacap Sektor 13,46068,845,19130,752723,818766
4079 Kabupaten Semarang Sektor 41,40237,2042,19161,458675,520115
4080 Kabupaten Demak Sektor 16,22612,1102,14813,475241,513768
4081 Kabupaten Magelang Sektor 36,39899,1108,18914,472078,531999
4082 Kabupaten Karanganyar Sektor 27,50832,1483,18623,509573,580511
4083 Kabupaten Klaten Sektor 23,54548,1156,22341,710560,788605
4084 Kota Pekalongan Sektor 38,12286,789,5685,153998,172758
4085 Kabupaten Purbalingga Sektor 20,22238,360,11635,379277,413510
4086 Kabupaten Kudus Sektor 18,35397,1207,17385,481534,535523
4087 Kabupaten Purbalingga Sektor 21,22801,424,13237,357152,393614
4088 Kabupaten Banjarnegara Sektor 21,21216,611,14173,339598,375598
4089 Kabupaten Wonosobo Sektor 20,19983,1025,14895,246279,282182
4090 Kabupaten Purbalingga Sektor 22,24990,412,11538,375181,412121
4091 Kabupaten Banjarnegara Sektor 22,22038,615,12445,292813,327911
4092 Kota Semarang Sektor 42,15327,619,7181,171647,194774
4093 Kota Surakarta Sektor 13,21379,485,5635,130879,158378
4094 Kabupaten Sragen Sektor 20,37932,1075,17195,499138,555340
4095 Kabupaten Pekalongan Sektor 39,22374,431,7258,385826,415889
4096 Kabupaten Banyumas Sektor 22,66952,1590,22719,747744,839005
4097 Kabupaten Wonogiri Sektor 21,37045,1786,13430,407567,459828
4098 Kabupaten Demak Sektor 17,23291,1118,15926,568259,608594
4099 Kabupaten Sragen Sektor 21,42015,993,19847,532721,595576
4100 Kota Semarang Sektor 43,16097,598,6245,163984,186924
4101 Kabupaten Wonogiri Sektor 22,38650,1784,13800,341684,395918
4102 Kota Semarang Sektor 44,16695,590,6590,158381,182256
4103 Kabupaten Rembang Sektor 31,12181,997,8866,238324,260368
4104 Kabupaten Pekalongan Sektor 40,22333,437,7982,365742,396494
4105 Kabupaten Tegal Sektor 28,29708,418,13528,645406,689060
4106 Kota Pekalongan Sektor 41,11869,907,6461,177525,196762
4107 Kabupaten Sragen Sektor 22,43378,1027,17341,551932,613678
4108 Kabupaten Demak Sektor 18,27201,1064,14310,474235,516810
4109 Kabupaten Semarang Sektor 45,44209,2035,21325,446432,514001
4110 Kabupaten Blora Sektor 16,19197,627,9979,346660,376463
4111 Kabupaten Magelang Sektor 37,46597,1059,19054,483953,550663
4112 Kota Semarang Sektor 46,15709,621,6738,175078,198146
4113 Kabupaten Rembang Sektor 32,13056,1023,8966,248932,271977
4114 Kabupaten Kudus Sektor 19,34163,1266,19656,520213,575298
4115 Kabupaten Banyumas Sektor 23,66927,1629,25784,688133,782473
4116 Kota Magelang Sektor 38,77160,1765,24043,491684,594652
4117 Kabupaten Demak Sektor 19,22782,1107,15594,494612,534095
4118 Kabupaten Brebes Sektor 23,20260,615,9826,371819,402520
4119 Kabupaten Boyolali Sektor 21,34903,1809,16967,481302,534981
4120 Kota Magelang Sektor 39,71405,1867,21514,461987,556773
4121 Kota Pekalongan Sektor 42,14018,884,6158,170408,191468
4122 Kabupaten Banyumas Sektor 24,60943,1606,26193,664724,753466
4123 Kabupaten Brebes Sektor 24,18391,649,9755,390590,419385
4124 Kabupaten Kudus Sektor 20,34971,1170,18754,464549,519444
4125 Kabupaten Demak Sektor 20,27196,943,16136,523089,567364
4126 Kabupaten Wonosobo Sektor 21,18478,1072,15423,241805,276778
4127 Kabupaten Rembang Sektor 33,13868,1013,9817,265730,290428
4128 Kabupaten Banyumas Sektor 25,56704,1635,26360,736100,820799
4129 Kabupaten Pati Sektor 24,44291,1268,27678,576954,650191
4130 Kota Salatiga Sektor 25,252229,2771,71972,1311186,1638158
4131 Kota  Sektor 25,17381,628,11167,406601,435777
4132 Kabupaten Jepara Sektor 14,37827,1252,25262,653983,718324
4133 Kabupaten Banjarnegara Sektor 23,19969,624,13920,330160,364673
4134 Kota Salatiga Sektor 26,235395,3140,69725,1311377,1619637
4135 Kabupaten Semarang Sektor 47,40011,2050,20970,511397,574428
4136 Kabupaten Pati Sektor 25,49091,1209,24521,577045,651866
4137 Kabupaten Purworejo Sektor 18,20911,820,9157,286797,317685
4138 Kabupaten Blora Sektor 17,18627,647,10309,366495,396078
4139 Kota Semarang Sektor 48,15786,669,5944,157700,180099
4140 Kabupaten Wonosobo Sektor 22,21506,1019,13394,263456,299375
4141 Kabupaten Karanganyar Sektor 28,48855,1453,17327,435795,503430
4142 Kabupaten Banjarnegara Sektor 24,21278,639,13459,321197,356573
4143 Kabupaten Purworejo Sektor 19,23074,833,8479,310013,342399
4144 Kabupaten Pati Sektor 26,43510,1214,25888,612145,682757
4145 Kabupaten Cilacap Sektor 14,44719,747,20272,758565,824303
4146 Kabupaten Semarang Sektor 49,41448,1817,21117,512130,576512
4147 Kota  Sektor 26,18209,725,10720,373283,402937
4148 Kabupaten Banyumas Sektor 26,66383,1664,24281,752373,844701
4149 Kabupaten Brebes Sektor 25,19058,705,9784,361659,391206
4150 Kabupaten Sragen Sektor 23,43561,1087,20327,526997,591972
4151 Kabupaten Tegal Sektor 29,29792,421,14574,587535,632322
4152 Kabupaten Kudus Sektor 21,34952,1181,20210,479947,536290
4153 Kabupaten Rembang Sektor 34,12341,978,8539,267623,289481
4154 Kabupaten Jepara Sektor 15,36006,1280,25836,608918,672040
4155 Kabupaten Semarang Sektor 50,41550,2056,17729,438862,500197
4156 Kabupaten Pemalang Sektor 17,24126,759,13144,530185,568214
4157 Kabupaten Jepara Sektor 16,33704,1252,22169,613243,670368
4158 Kabupaten Batang Sektor 18,16799,520,11018,327096,355433
4159 Kabupaten Purworejo Sektor 20,19560,765,8755,300720,329800
4160 Kabupaten Kudus Sektor 22,35280,1275,17708,508625,562888
4161 Kota Magelang Sektor 40,68289,1892,24837,437918,532936
4162 Kabupaten Sukoharjo Sektor 15,47381,713,12456,556248,616798
4163 Kabupaten Cilacap Sektor 15,46551,816,20392,755871,823630
4164 Kota Semarang Sektor 51,16413,633,6543,169682,193271
4165 Kabupaten Cilacap Sektor 16,41160,735,21497,778335,841727
4166 Kabupaten Pati Sektor 27,43852,1207,26193,625199,696451
4167 Kota Pekalongan Sektor 43,11756,827,6105,163410,182098
4168 Kota  Sektor 27,19271,649,10296,342538,372754
4169 Kabupaten Sukoharjo Sektor 16,50377,649,13164,529834,594024
4170 Kabupaten Banyumas Sektor 27,63963,1623,26843,682580,775009
4171 Kabupaten Magelang Sektor 41,39480,1028,18907,453228,512643
4172 Kabupaten Banyumas Sektor 28,57534,1893,23507,731309,814243
4173 Kabupaten Kebumen Sektor 12,24112,1230,14149,479674,519165
4174 Kabupaten Purworejo Sektor 21,21227,805,9269,275329,306630
4175 Kabupaten Magelang Sektor 42,42109,1096,18344,432884,494433
4176 Kota Magelang Sektor 43,73622,1980,21543,441476,538621
4177 Kabupaten Brebes Sektor 26,19465,604,10802,382557,413428
4178 Kota Salatiga Sektor 27,208161,3007,80066,1465040,1756274
4179 Kabupaten Pemalang Sektor 18,23515,851,11964,502278,538608
4180 Kabupaten Brebes Sektor 27,19063,658,9834,364758,394313
4181 Kabupaten Tegal Sektor 30,25981,410,14322,590391,631104
4182 Kota Semarang Sektor 52,14738,569,6951,192565,214823
4183 Kabupaten Banjarnegara Sektor 25,19534,678,12511,338911,371634
4184 Kabupaten Demak Sektor 21,22607,1091,16921,512394,553013
4185 Kabupaten Sukoharjo Sektor 17,48994,657,13884,545886,609421
4186 Kabupaten Sragen Sektor 24,38652,1131,20388,474257,534428
4187 Kabupaten Banjarnegara Sektor 26,21433,682,13123,322548,357786
4188 Kabupaten Sragen Sektor 25,40543,1091,20906,481426,543966
4189 Kabupaten Cilacap Sektor 17,47307,762,20814,770201,839084
4190 Kota Magelang Sektor 44,71029,1873,22383,446695,541980
4191 Kabupaten Klaten Sektor 24,55880,1158,22242,705120,784400
4192 Kabupaten Boyolali Sektor 22,40320,1710,16704,456372,515106
4193 Kabupaten Magelang Sektor 45,44300,998,18443,490915,554656
4194 Kabupaten Karanganyar Sektor 29,47857,1504,16207,476670,542238
4195 Kabupaten Jepara Sektor 17,31497,1292,21555,610701,665045
4196 Kabupaten Pati Sektor 28,41719,1365,24106,606466,673656
4197 Kabupaten Jepara Sektor 18,34402,1339,24822,573027,633590
4198 Kabupaten Grobogan Sektor 18,27564,1230,15361,515697,559852
4199 Kabupaten Sragen Sektor 26,42957,1103,17762,531256,593078
4200 Kabupaten Wonogiri Sektor 23,35707,2118,15066,394028,446919
4201 Kabupaten Temanggung Sektor 31,27551,955,15614,268566,312686
4202 Kabupaten Cilacap Sektor 18,42456,840,20484,814804,878584
4203 Kota Magelang Sektor 46,65810,1886,22374,460841,550911
4204 Kabupaten Purworejo Sektor 22,21610,837,9165,285212,316824
4205 Kabupaten Kendal Sektor 24,25111,847,13831,457195,496984
4206 Kabupaten Banjarnegara Sektor 27,19405,688,12583,350035,382711
4207 Kabupaten Purbalingga Sektor 23,22308,399,11938,372299,406944
4208 Kota Salatiga Sektor 28,223599,3164,69405,1281074,1577242
4209 Kabupaten Purbalingga Sektor 24,22053,390,13288,382094,417825
4210 Kabupaten Sukoharjo Sektor 18,49912,693,13996,549542,614143
4211 Kabupaten Wonogiri Sektor 24,35857,2060,16251,363818,417986
4212 Kota Salatiga Sektor 29,208211,3323,74448,1353937,1639919
4213 Kabupaten Temanggung Sektor 32,27446,952,14605,272646,315649
4214 Kabupaten Magelang Sektor 47,42052,1039,17808,477146,538045
4215 Kabupaten Cilacap Sektor 19,41381,851,21037,783901,847170
4216 Kabupaten Demak Sektor 22,24349,948,17139,484014,526450
4217 Kota Pekalongan Sektor 44,13384,870,6181,160169,180604
4218 Kabupaten Semarang Sektor 53,45770,1878,18089,447093,512830
4219 Kota  Sektor 28,20373,618,10907,377285,409183
4220 Kabupaten Klaten Sektor 25,54333,1388,24256,741055,821032
4221 Kabupaten Tegal Sektor 31,30112,445,15485,562137,608179
4222 Kabupaten Pekalongan Sektor 45,19501,377,8317,405462,433657
4223 Kabupaten Rembang Sektor 35,14330,1020,9444,245905,270699
4224 Kabupaten Pekalongan Sektor 46,23127,396,7469,383530,414522
4225 Kabupaten Wonosobo Sektor 23,20683,1071,15637,258862,296253
4226 Kabupaten Purbalingga Sektor 25,21915,423,12256,344555,379149
4227 Kabupaten Pati Sektor 29,46336,1379,24508,592879,665102
4228 Kabupaten Rembang Sektor 36,14330,1133,8163,253469,277095
4229 Kabupaten Purworejo Sektor 23,23030,833,8812,294164,326839
4230 Kabupaten Kebumen Sektor 13,22626,1314,13326,448898,486164
4231 Kabupaten Kudus Sektor 23,33965,1219,17355,470184,522723
4232 Kabupaten Brebes Sektor 28,17958,699,9857,388237,416751
4233 Kota Magelang Sektor 48,73349,1779,24817,495232,595177
4234 Kabupaten Semarang Sektor 54,45551,2029,19661,436187,503428
4235 Kabupaten Grobogan Sektor 19,27216,1301,15189,607997,651703
4236 Kabupaten Pemalang Sektor 19,26096,858,11812,504443,543209
4237 Kabupaten Grobogan Sektor 20,26738,1228,14729,527082,569777
4238 Kota Semarang Sektor 55,14091,650,6195,173799,194735
4239 Kabupaten Wonogiri Sektor 25,36993,1835,13641,343009,395478
4240 Kabupaten Batang Sektor 19,17903,503,12060,325963,356429
4241 Kabupaten Karanganyar Sektor 30,50718,1440,16894,428725,497777
4242 Kabupaten Karanganyar Sektor 31,53481,1416,15651,499094,569642
4243 Kota Magelang Sektor 49,68414,1693,23683,461250,555040
4244 Kabupaten Banyumas Sektor 29,60075,1687,22787,720729,805278
4245 Kabupaten Pemalang Sektor 20,24295,731,12721,568636,606383
4246 Kabupaten Wonosobo Sektor 24,21901,947,14663,243187,280698
4247 Kabupaten Boyolali Sektor 23,34948,1685,17482,502732,556847
4248 Kabupaten Cilacap Sektor 20,42909,838,21810,708217,773774
4249 Kota Salatiga Sektor 30,217868,2881,70833,1296611,1588193
4250 Kabupaten Wonosobo Sektor 25,18722,1073,13952,285415,319162
4251 Kabupaten Boyolali Sektor 24,40069,1844,16684,454381,512978
4252 Kabupaten Cilacap Sektor 21,47214,862,21622,811504,881202
4253 Kabupaten Klaten Sektor 26,52250,1159,23780,726823,804012
4254 Kabupaten Demak Sektor 23,22591,968,15069,515575,554203
4255 Kabupaten Pemalang Sektor 21,26874,835,12260,511869,551838
4256 Kabupaten Blora Sektor 18,18624,658,11089,335680,366051
4257 Kabupaten Cilacap Sektor 22,45215,779,18988,784212,849194
4258 Kabupaten Tegal Sektor 32,30750,487,15630,615021,661888
4259 Kabupaten Pekalongan Sektor 47,19485,391,7701,408292,435869
4260 Kabupaten Wonogiri Sektor 26,33029,1797,15091,386085,436002
4261 Kabupaten Blora Sektor 19,17670,613,9492,348264,376039
4262 Kota  Sektor 29,19385,681,10974,405377,436417
4263 Kabupaten Grobogan Sektor 21,25049,1237,14409,583201,623896
4264 Kabupaten Purworejo Sektor 24,22403,759,8552,326411,358125
4265 Kabupaten Klaten Sektor 27,59520,1254,22974,765715,849463
4266 Kabupaten Kudus Sektor 24,34560,1173,18613,527249,581595
4267 Kota  Sektor 30,18766,671,11146,398889,429472
4268 Kabupaten Banyumas Sektor 30,58145,1748,26169,715090,801152
4269 Kota Salatiga Sektor 31,231187,3238,71212,1426598,1732235
4270 Kota Salatiga Sektor 32,217019,3155,82005,1314053,1616232
4271 Kota Surakarta Sektor 14,19432,448,5534,110332,135746
4272 Kabupaten Pemalang Sektor 22,24341,846,12663,476466,514316
4273 Kabupaten Grobogan Sektor 22,27025,1350,16172,543280,587827
4274 Kabupaten Wonosobo Sektor 26,18136,936,14333,267232,300637
4275 Kota Semarang Sektor 56,16911,606,6077,173990,197584
4276 Kabupaten Banjarnegara Sektor 28,18104,649,14941,332864,366558
4277 Kota Magelang Sektor 50,67104,1671,23698,475441,567914
4278 Kabupaten Kudus Sektor 25,32761,1214,19838,469503,523316
4279 Kabupaten Kebumen Sektor 14,23005,1254,15373,474261,513893
4280 Kabupaten Sukoharjo Sektor 19,51758,697,11711,562093,626259
4281 Kota Magelang Sektor 51,68714,1966,22674,471699,565053
4282 Kabupaten Grobogan Sektor 23,26310,1397,14210,560892,602809
4283 Kabupaten Magelang Sektor 52,47588,970,18119,462372,529049
4284 Kabupaten Cilacap Sektor 23,46780,723,21100,696388,764991
4285 Kabupaten Purbalingga Sektor 26,23995,388,11926,330876,367185
4286 Kota Salatiga Sektor 33,226006,3255,75822,1411090,1716173
4287 Kabupaten Kendal Sektor 25,28756,892,13999,487916,531563
4288 Kota Pekalongan Sektor 48,12778,863,5481,156020,175142
4289 Kota  Sektor 31,19973,685,11290,352953,384901
4290 Kabupaten Sragen Sektor 27,37514,1096,20627,513301,572538
4291 Kabupaten Klaten Sektor 28,59389,1261,22574,771760,854984
4292 Kota Magelang Sektor 53,64743,1743,24645,446475,537606
4293 Kota Pekalongan Sektor 49,12887,917,6152,152305,172261
4294 Kabupaten Boyolali Sektor 25,40799,1869,15967,468308,526943
4295 Kabupaten Purworejo Sektor 25,19893,841,9051,270909,300694
4296 Kabupaten Kebumen Sektor 15,27172,1300,15123,501000,544595
4297 Kabupaten Rembang Sektor 37,12826,982,8297,273139,295244
4298 Kabupaten Sragen Sektor 28,37089,1080,18734,536234,593137
4299 Kabupaten Purbalingga Sektor 27,22971,371,13134,380558,417034
4300 Kabupaten Banjarnegara Sektor 29,20872,639,14106,321724,357341
4301 Kabupaten Temanggung Sektor 33,26918,951,16192,234967,279028
4302 Kabupaten Grobogan Sektor 24,26296,1285,14196,611034,652811
4303 Kabupaten Banjarnegara Sektor 30,19579,637,13045,330407,363668
4304 Kota  Sektor 32,19256,654,9705,391962,421577
4305 Kabupaten Magelang Sektor 54,44759,1053,18991,443257,508060
4306 Kabupaten Rembang Sektor 38,14109,1098,8976,237251,261434
4307 Kabupaten Kudus Sektor 26,37488,1222,18451,473106,530267
4308 Kabupaten Boyolali Sektor 26,40624,1817,18560,474364,535365
4309 Kabupaten Kebumen Sektor 16,24329,1209,14246,507155,546939
4310 Kabupaten Grobogan Sektor 25,26096,1278,15120,517092,559586
4311 Kabupaten Grobogan Sektor 26,28272,1228,13414,607530,650444
4312 Kabupaten Purbalingga Sektor 28,21543,426,11208,371201,404378
4313 Kota  Sektor 33,18935,723,9434,359070,388162
4314 Kabupaten Grobogan Sektor 27,27419,1257,16060,620205,664941
4315 Kabupaten Boyolali Sektor 27,37226,1551,17868,514526,571171
4316 Kabupaten Kudus Sektor 27,36399,1301,19655,486021,543376
4317 Kabupaten Cilacap Sektor 24,42622,833,20204,786052,849711
4318 Kabupaten Demak Sektor 24,23489,1144,15418,533546,573597
4319 Kabupaten Brebes Sektor 29,20369,612,9533,420522,451036
4320 Kabupaten Wonosobo Sektor 27,20948,929,12813,257146,291836
4321 Kabupaten Banjarnegara Sektor 31,19586,656,14499,289501,324242
4322 Kabupaten Wonosobo Sektor 28,18544,889,13290,268929,301652
4323 Kabupaten Cilacap Sektor 25,45118,795,19347,732785,798045
4324 Kabupaten Pekalongan Sektor 50,21566,429,8239,403740,433974
4325 Kabupaten Karanganyar Sektor 32,52335,1682,18402,451623,524042
4326 Kabupaten Sragen Sektor 29,40423,1067,20372,576369,638231
4327 Kabupaten Pekalongan Sektor 51,21943,450,7084,364397,393874
4328 Kabupaten Kudus Sektor 28,34065,1132,20120,432801,488118
4329 Kabupaten Banyumas Sektor 31,62701,1642,24577,726121,815041
4330 Kabupaten Banyumas Sektor 32,56892,1749,25078,725384,809103
4331 Kabupaten Wonogiri Sektor 27,33471,1797,14527,354068,403863
4332 Kabupaten Brebes Sektor 30,19237,727,9265,377502,406731
4333 Kabupaten Karanganyar Sektor 33,50300,1550,17930,495151,564931
4334 Kota Semarang Sektor 57,13897,592,6168,191692,212349
4335 Kabupaten Pekalongan Sektor 52,22954,422,8004,373855,405235
4336 Kota Pekalongan Sektor 53,12348,848,6420,160249,179865
4337 Kota Semarang Sektor 58,15990,622,6451,176582,199645
4338 Kabupaten Pekalongan Sektor 54,20529,426,7205,413021,441181
4339 Kabupaten Pati Sektor 30,42147,1405,27820,594522,665894
4340 Kabupaten Rembang Sektor 39,13639,1015,8212,248380,271246
4341 Kabupaten Klaten Sektor 29,54248,1222,22907,736963,815340
4342 Kota Salatiga Sektor 34,240400,2879,70007,1444999,1758285
4343 Kabupaten Karanganyar Sektor 34,55399,1660,16427,492560,566046
4344 Kabupaten Karanganyar Sektor 35,50429,1564,16253,492065,560311
4345 Kota Surakarta Sektor 15,19526,499,5902,108543,134470
4346 Kabupaten Pati Sektor 31,49454,1264,28000,575691,654409
4347 Kota Semarang Sektor 59,15520,610,7187,171285,194602
4348 Kabupaten Wonosobo Sektor 29,18502,958,14818,250937,285215
4349 Kota  Sektor 34,20937,740,9357,402750,433784
4350 Kabupaten Klaten Sektor 30,59370,1165,21598,780195,862328
4351 Kota  Sektor 35,20431,650,10243,397397,428721
4352 Kabupaten Cilacap Sektor 26,41466,863,22423,729158,793910
4353 Kabupaten Jepara Sektor 19,35363,1209,24428,615819,676819
4354 Kabupaten Kendal Sektor 26,28680,863,12892,519550,561985
4355 Kabupaten Wonogiri Sektor 28,35512,2004,14022,343325,394863
4356 Kabupaten Rembang Sektor 40,13512,1031,8654,276938,300135
4357 Kabupaten Wonogiri Sektor 29,34366,1829,13718,403764,453677
4358 Kabupaten Kendal Sektor 27,24538,821,12204,496046,533609
4359 Kabupaten Pekalongan Sektor 55,21107,415,7541,361975,391038
4360 Kabupaten Tegal Sektor 33,28812,455,14981,615621,659869
4361 Kabupaten Banjarnegara Sektor 32,19862,620,14663,343539,378684
4362 Kabupaten Pati Sektor 32,40537,1313,25499,659367,726716
4363 Kota Semarang Sektor 60,14592,568,7117,182606,204883
4364 Kabupaten Magelang Sektor 55,39880,938,18920,445784,505522
4365 Kabupaten Sragen Sektor 30,37882,993,17653,516451,572979
